genome_id	height_cm	sex
12562.23andme.10376	185.4	M
12546.23andme.10363	178.0	M
12496.23andme.10307	167.6	M
12490.23andme.10301	152.4	
12302.ftdna-illumina.10290	177.0	M
12387.23andme-exome-vcf.10222	157.5	F
12324.ftdna-illumina.10159	185.0	M
12299.23andme.10131	157.5	F
12289.ancestry.10122	188.0	M
12272.23andme.10107	152.4	
12258.23andme.10097	164.0	M
12246.ancestry.10089	169.0	F
12235.23andme.10082	180.3	
12214.ancestry.10061	178.0	M
12211.23andme-exome-vcf.10058	172.7	M
12026.23andme.9886	167.6	
12010.23andme.9873	183.0	F
11985.ancestry.9850	174.0	M
11944.ftdna-illumina.9815	152.4	F
11935.23andme.9807	172.7	
11931.ancestry.9804	181.0	M
11900.23andme.9773	175.0	
11890.ancestry.9769	157.5	
11878.23andme.9758	170.2	F
11875.23andme.9756	167.0	
11868.23andme.9747	172.7	
11851.ancestry.9734	177.8	
11819.23andme.9702	173.0	F
11814.ancestry.9700	157.5	
11802.23andme.9696	168.0	M
11795.ancestry.9692	165.1	F
11753.ancestry.9654	185.4	F
11744.23andme-exome-vcf.9648	185.0	M
11739.ftdna-illumina.9641	181.0	M
11698.23andme.9613	175.0	
11526.ancestry.9602	162.6	F
11641.ftdna-illumina.9569	181.0	M
10936.23andme.9481	160.0	M
11584.ancestry.9471	155.0	F
11562.ancestry.9452	190.5	M
1378.23andme.9427	172.7	F
11531.23andme.9422	185.4	M
11528.ancestry.9419	190.5	M
11525.ftdna-illumina.9417	173.0	
11520.ancestry.9414	165.1	
11519.ancestry.9411	157.5	
11515.23andme.9407	177.8	F
11499.ancestry.9392	155.0	F
11493.23andme.9389	157.5	
11458.ancestry.9377	155.0	
11441.23andme.9360	162.6	F
11432.23andme.9349	177.0	M
11425.23andme.9343	167.6	F
11173.23andme.9325	160.0	
11388.23andme.9322	147.3	
11397.ancestry.9319	162.6	F
11396.ancestry.9318	172.7	F
10632.23andme.9278	165.0	M
11143.ftdna-illumina.9248	165.0	F
11135.ancestry.9241	165.1	F
11076.23andme.9189	160.0	F
11069.ancestry.9182	152.4	F
11053.ancestry.9166	180.3	M
11015.23andme.9135	157.5	F
10977.ancestry.9130	175.3	F
10984.ancestry.9103	182.9	
10967.23andme.9086	167.6	F
10962.ancestry.9067	160.0	F
10948.23andme.9051	150.0	F
10195.23andme.9040	170.2	F
10919.23andme.9022	185.0	
10885.23andme.8998	183.0	M
10883.ftdna-illumina.8995	190.0	M
10881.ftdna-illumina.8993	183.0	M
10868.23andme.8976	149.9	F
10790.ancestry.8933	172.7	M
10785.ancestry.8929	167.6	F
10773.ancestry.8921	190.5	
10770.23andme.8917	167.6	F
10702.23andme.8901	165.1	
10653.ancestry.8900	157.5	
10635.ancestry.8887	162.6	F
10620.23andme.8876	157.5	
10586.ancestry.8852	180.3	M
10575.ftdna-illumina.8844	165.0	F
10559.23andme.8819	165.1	
10542.23andme.8804	176.0	
10530.ancestry.8795	186.0	M
10523.23andme.8790	156.2	M
10508.ancestry.8779	161.3	F
10490.ancestry.8762	155.0	F
10469.23andme.8739	162.6	F
10448.ancestry.8721	160.0	F
10424.ancestry.8695	168.9	F
10430.ancestry.8694	157.5	F
10408.23andme.8659	167.6	F
9360.23andme.8649	160.0	
10383.ancestry.8633	182.0	M
10374.23andme.8624	175.3	F
10348.23andme.8605	190.5	
10347.23andme.8604	175.0	M
9195.23andme.8585	169.0	M
10325.23andme.8580	160.0	
10302.23andme.8558	172.7	
9702.23andme.8548	149.9	F
10279.23andme.8537	179.0	F
10260.ancestry.8525	162.6	F
10251.23andme.8511	173.0	
10233.23andme.8494	167.6	
10207.23andme.8472	175.0	
10191.23andme.8455	182.0	
10171.23andme.8436	170.2	M
10097.ancestry.8358	160.0	F
9817.23andme.8354	195.0	
10093.ancestry.8353	182.9	M
10092.23andme.8351	180.0	
10077.23andme.8336	170.2	F
10074.23andme.8335	157.5	F
10036.ancestry.8300	169.0	M
10020.23andme.8283	180.3	M
9979.ftdna-illumina.8244	179.0	M
9974.ancestry.8238	160.0	F
9941.ftdna-illumina.8207	169.0	M
9906.ancestry.8174	168.0	F
9905.ancestry.8173	165.1	F
9869.23andme.8128	175.3	M
9862.ancestry.8116	177.8	M
9839.23andme.8097	162.6	F
9835.ancestry.8091	157.5	F
9822.23andme.8081	169.0	M
9375.23andme.8039	180.3	M
9784.ancestry.8038	167.6	F
9752.ancestry.8006	152.4	F
9743.23andme.8000	165.1	F
9726.23andme.7992	180.0	M
9724.ftdna-illumina.7988	182.9	M
9720.23andme.7985	172.7	M
9697.23andme.7982	179.0	M
9707.ancestry.7974	152.4	
9672.23andme.7942	170.2	F
9616.23andme.7878	160.0	F
9575.23andme-exome-vcf.7849	192.0	M
9568.23andme.7842	188.0	M
9565.23andme.7839	175.0	M
9539.ancestry.7827	172.7	M
9528.23andme.7819	160.0	F
9518.23andme.7812	177.8	M
9516.23andme.7810	190.5	
9507.ancestry.7804	180.0	M
9486.23andme.7780	190.0	M
9485.23andme.7778	172.7	M
9471.ancestry.7768	183.0	M
9453.23andme.7753	182.9	M
9430.23andme.7729	160.0	F
9413.ancestry.7715	180.3	M
9388.ftdna-illumina.7696	198.1	
9380.23andme.7686	157.5	F
9369.23andme.7677	160.0	F
9367.23andme.7675	162.6	F
9351.23andme.7663	176.0	M
9336.ancestry.7644	190.5	
9324.23andme.7637	183.0	M
9323.23andme.7636	175.3	
9314.ancestry.7631	167.6	F
9281.ancestry.7602	165.1	F
9278.ancestry.7597	157.5	F
9276.23andme.7595	162.6	F
9274.23andme.7593	172.7	M
9248.23andme.7575	162.6	F
9247.ancestry.7574	193.0	M
9246.23andme.7572	182.0	M
9232.23andme.7556	165.1	F
9218.ancestry.7545	175.3	F
9215.23andme.7543	193.0	M
9211.23andme.7539	176.0	
9185.23andme.7516	170.2	F
9164.ancestry.7500	165.1	F
9129.ancestry.7470	167.6	F
9126.23andme.7468	156.2	
9112.23andme.7454	190.5	
9107.ftdna-illumina.7449	172.0	F
9101.23andme.7443	172.7	F
9081.ancestry.7421	175.3	M
9076.23andme.7415	177.0	M
9072.23andme.7413	175.3	F
9046.ancestry.7394	162.6	F
9039.ancestry.7382	165.1	
9036.ancestry.7374	160.0	
8991.ftdna-illumina.7335	172.7	M
8990.ancestry.7334	176.0	F
8988.23andme.7333	165.1	F
8977.23andme.7322	164.0	F
8934.23andme.7318	182.9	M
8951.23andme.7291	160.0	
8933.ftdna-illumina.7266	175.0	M
8930.ftdna-illumina.7263	168.0	
8915.23andme.7249	190.0	M
8911.23andme.7244	167.6	
8905.23andme.7239	157.5	
8885.ancestry.7222	177.8	F
8883.23andme.7220	182.0	M
8864.23andme.7207	160.0	F
8851.23andme.7196	175.3	
8844.ancestry.7191	193.0	
8840.23andme.7183	160.0	
8818.23andme.7166	170.2	M
8808.23andme.7151	160.0	F
8803.23andme.7146	172.7	F
8787.23andme.7132	170.2	
8783.23andme.7124	172.0	M
8780.ftdna-illumina.7119	183.0	M
5943.ancestry.7109	160.0	F
8737.23andme.7075	188.0	M
8739.ancestry.7073	170.2	
8731.23andme.7067	182.9	M
8734.23andme.7065	177.8	
8715.ancestry.7055	167.6	F
8707.ftdna-illumina.7050	162.6	F
8675.23andme.7024	172.7	F
8666.ancestry.7017	177.8	M
8656.ancestry.7008	177.8	F
8655.ancestry.7006	162.6	F
8634.23andme.6990	192.0	
8598.23andme.6959	177.8	
8592.ftdna-illumina.6955	172.7	M
8563.ancestry.6927	152.4	
8561.23andme.6923	193.0	M
8554.23andme.6915	185.4	M
4696.ftdna-illumina.6913	178.0	F
8547.ftdna-illumina.6908	179.0	M
8538.ancestry.6898	160.0	F
8534.ancestry.6896	180.3	
8529.ancestry.6890	162.6	
8499.ftdna-illumina.6869	155.0	F
8483.23andme.6848	165.1	
8469.ftdna-illumina.6833	193.0	M
8466.ancestry.6829	170.2	F
8463.23andme.6827	190.5	M
8449.23andme.6813	170.2	M
8432.ftdna-illumina.6810	157.5	
8427.ftdna-illumina.6753	165.1	F
8423.23andme.6750	188.0	M
8416.23andme.6745	172.7	
8393.23andme.6723	175.0	
8387.23andme.6719	170.2	F
8384.23andme.6717	180.3	M
8383.23andme.6715	162.6	F
8369.23andme-exome-vcf.6698	179.0	M
8363.23andme.6691	172.0	F
8360.ancestry.6688	162.6	
8327.ancestry.6658	170.2	M
8319.ancestry.6651	188.0	M
8318.23andme.6649	167.6	
8314.23andme.6645	170.2	
8301.23andme.6630	167.6	F
8274.ancestry.6608	170.2	
8238.23andme.6572	182.9	
8217.23andme.6558	184.0	M
8206.23andme.6545	170.2	M
8204.ancestry.6543	165.1	F
8203.23andme.6542	183.0	M
8155.23andme.6526	184.0	
8184.23andme.6521	167.6	M
8158.ancestry.6492	188.0	
8139.ancestry.6472	149.9	
8134.23andme.6467	162.6	M
8132.ftdna-illumina.6465	172.7	F
8129.23andme.6463	177.8	
8100.23andme.6442	180.3	M
8090.23andme.6431	171.0	M
8089.23andme.6429	175.3	
8085.ftdna-illumina.6426	167.0	M
8076.23andme.6405	155.0	F
8058.23andme.6391	167.6	F
8052.ftdna-illumina.6384	176.0	M
8049.ancestry.6381	180.3	M
8015.ftdna-illumina.6351	200.0	
6882.23andme.6340	167.6	
7992.23andme.6331	177.8	M
7989.23andme.6330	162.6	F
7968.23andme.6314	180.3	
7967.23andme.6312	162.6	F
7954.23andme.6303	169.0	F
7931.ancestry.6284	175.3	M
7915.23andme.6262	187.0	M
7912.ftdna-illumina.6259	170.2	F
7898.23andme.6245	190.5	M
7876.23andme.6234	177.8	F
7856.ancestry.6210	162.6	
7841.23andme.6196	160.0	F
7828.ftdna-illumina.6185	166.0	F
6861.23andme.6156	167.6	
7785.23andme.6141	165.1	
7783.23andme.6137	182.9	F
7781.ancestry.6136	177.8	M
7757.ancestry.6122	162.0	
7759.23andme.6108	165.1	M
7753.ancestry.6103	168.9	M
7735.ancestry.6084	149.9	F
7732.ftdna-illumina.6077	179.0	M
3068.ftdna-illumina.6076	175.3	
7707.ancestry.6050	160.0	F
7701.23andme.6045	157.5	
7693.ancestry.6038	162.6	F
6949.ancestry.6034	177.8	M
7688.ftdna-illumina.6032	157.5	F
7685.23andme.6030	165.1	
7657.23andme.6002	172.7	F
7639.23andme.5983	157.5	F
7616.ftdna-illumina.5965	180.3	M
4185.23andme.5962	167.6	F
7613.ancestry.5960	175.3	F
7610.23andme.5957	169.0	M
7163.ftdna-illumina.5947	186.0	M
7597.ftdna-illumina.5943	152.4	F
7585.23andme.5932	167.6	
7572.ancestry.5917	175.3	M
7569.ancestry.5915	149.9	F
7567.ancestry.5913	180.3	M
7561.ancestry.5907	161.3	F
7549.23andme.5899	170.0	
7547.23andme.5897	155.0	F
7538.ftdna-illumina.5884	186.0	
7527.ftdna-illumina.5879	175.3	F
7500.ancestry.5845	188.0	M
7493.23andme-exome-vcf.5843	152.4	F
7498.ancestry.5842	167.6	F
7485.23andme.5830	170.2	F
7475.23andme.5821	167.6	F
7470.ancestry.5817	170.2	F
7466.23andme.5813	185.4	M
7454.ancestry.5806	177.8	M
7413.23andme.5763	167.6	
7379.23andme.5731	172.7	
7376.ancestry.5729	175.3	M
7372.ftdna-illumina.5726	175.3	M
7360.23andme.5718	170.2	M
7359.23andme.5717	172.7	F
4897.23andme.5715	172.7	M
7339.ancestry.5702	172.7	
7320.23andme.5688	182.9	M
7311.ancestry.5679	172.0	
7307.ancestry.5676	170.2	M
4066.23andme.5667	188.0	
7297.ancestry.5666	162.6	
7281.ancestry.5652	183.0	
7280.23andme.5651	167.6	F
7266.23andme.5643	180.3	F
7252.23andme.5631	180.3	M
7244.ancestry.5624	187.0	
7231.23andme.5611	149.9	F
7229.23andme.5609	180.3	
7228.ancestry.5608	180.3	F
7218.23andme.5600	183.0	
7214.23andme.5596	172.7	
7195.23andme.5578	180.3	M
7190.ancestry.5574	172.7	F
7189.ancestry.5572	187.0	M
7184.ancestry.5566	152.4	F
7153.23andme.5550	190.5	M
7144.23andme.5543	180.3	M
7141.ancestry.5540	165.1	F
7134.ancestry.5536	177.8	M
7127.23andme.5529	172.0	M
7119.23andme.5524	188.0	M
7099.ancestry.5502	162.6	F
7098.23andme.5501	180.3	F
7089.23andme.5488	160.0	F
7053.23andme.5459	170.2	F
7028.ancestry.5438	182.9	M
7020.23andme.5431	182.9	M
7011.ancestry.5423	172.7	M
6993.23andme.5413	149.9	
6971.23andme.5370	160.0	F
6965.23andme.5362	160.0	
6959.ftdna-illumina.5360	186.0	M
6943.23andme.5343	182.9	M
6935.ancestry.5333	175.3	F
5633.ancestry.5318	160.0	
6916.ancestry.5306	152.4	F
6885.ftdna-illumina.5254	160.0	F
6873.23andme.5244	177.8	M
6869.23andme.5242	149.9	F
6866.23andme.5241	170.2	F
6858.23andme.5234	172.7	M
6832.23andme.5214	167.6	F
6828.ancestry.5211	175.3	
6815.23andme.5202	162.6	F
6814.23andme.5201	176.0	
6805.23andme.5189	157.5	F
6793.23andme.5176	160.0	F
6745.23andme.5134	180.3	
6725.23andme.5116	182.9	
6704.ftdna-illumina.5096	183.0	M
6699.23andme.5093	152.4	
6695.ftdna-illumina.5091	160.0	F
6667.IYG.5067	185.4	M
6665.ancestry.5064	167.6	M
6639.23andme.5043	157.5	
6633.ancestry.5035	175.3	F
6583.23andme.4994	162.6	F
6589.23andme.4987	190.5	M
6573.23andme.4971	152.4	F
6560.23andme.4957	160.0	F
6510.23andme.4918	183.0	M
6493.ancestry.4913	160.0	F
6263.23andme.4912	180.3	M
6483.23andme.4903	160.0	F
6381.23andme.4872	190.5	M
6373.23andme-exome-vcf.4863	190.5	
6367.23andme.4857	175.3	F
6321.23andme-exome-vcf.4813	157.5	F
6296.ancestry.4789	177.8	
6257.23andme.4754	162.6	F
6247.ftdna-illumina.4742	183.0	
6238.23andme.4736	172.7	F
6228.ftdna-illumina.4730	186.0	M
6221.ancestry.4725	167.6	F
6204.23andme.4709	157.5	
6191.ftdna-illumina.4695	162.6	F
6189.ancestry.4692	167.6	
6184.ftdna-illumina.4689	149.9	F
6182.ancestry.4686	157.5	
6169.23andme.4677	180.3	F
6156.23andme.4668	177.8	M
6127.ancestry.4646	175.3	M
6124.23andme.4643	167.6	
6117.ancestry.4637	170.2	M
6103.23andme.4608	183.0	
6093.ancestry.4598	157.5	
6074.23andme.4581	177.8	M
4941.23andme.4573	182.0	
6035.23andme.4529	168.0	
5935.ancestry.4397	175.3	M
5918.23andme.4387	157.5	F
5917.23andme.4386	170.2	F
5912.ftdna-illumina.4381	180.0	
5221.ancestry.4376	167.6	M
5900.23andme.4370	172.7	M
5868.23andme.4346	160.0	F
5866.23andme.4342	172.7	
5859.ftdna-illumina.4336	197.0	
5857.ancestry.4335	182.9	
5850.23andme.4328	187.0	
5844.ftdna-illumina.4323	175.3	F
5820.23andme.4298	149.9	
5815.23andme.4291	182.9	
5800.23andme.4277	177.8	M
5797.23andme-exome-vcf.4274	167.6	
5795.ancestry.4272	190.5	
5792.ftdna-illumina.4268	172.0	F
5778.23andme.4253	181.0	M
5773.23andme.4247	178.0	F
5621.23andme.4245	182.9	M
5743.23andme.4219	182.9	M
5741.23andme.4217	167.6	
5719.23andme.4214	162.6	F
5727.ancestry.4203	182.9	
2969.23andme.4132	152.4	F
5637.23andme.4123	175.0	M
5612.23andme.4103	177.8	
4735.genes-for-good.4081	167.6	F
5581.ancestry.4072	161.3	F
5573.ftdna-illumina.4062	167.6	F
5559.ancestry.4047	188.0	
5552.23andme.4043	170.0	
5544.ftdna-illumina.4037	175.0	
5536.ancestry.4031	167.6	
5527.23andme.4018	170.2	M
5521.23andme.4013	152.4	
5516.23andme.4008	165.1	
5515.23andme.4007	177.8	M
5514.ftdna-illumina.4005	180.0	
5506.ancestry.4000	157.5	F
5502.ftdna-illumina.3996	167.6	
5494.ancestry.3990	172.7	
5487.23andme.3981	165.1	F
5480.genes-for-good.3975	165.1	F
5475.23andme.3971	188.0	
5460.23andme.3958	162.6	
5456.23andme.3955	175.3	M
5435.23andme.3938	157.5	
5432.23andme.3935	175.3	M
5425.23andme.3932	170.2	
5362.ftdna-illumina.3875	175.0	M
5185.23andme.3866	172.7	
5352.23andme.3863	172.7	F
5342.23andme.3856	165.1	F
4267.23andme.3843	167.6	
5330.ancestry.3837	165.1	F
5301.ftdna-illumina.3831	180.3	
5323.23andme.3830	162.6	
5310.23andme.3815	175.0	
5283.ftdna-illumina.3791	193.0	
5278.ancestry.3789	167.6	F
5276.23andme.3787	162.6	F
5275.ftdna-illumina.3784	160.0	M
5226.23andme.3772	172.0	
5249.ancestry.3760	167.6	F
5241.ancestry.3756	170.2	F
5235.23andme.3749	188.0	M
5233.23andme.3747	170.2	F
5211.23andme.3722	160.0	F
5207.23andme.3716	177.0	M
5206.23andme.3715	165.1	
5192.genes-for-good.3711	167.6	F
5199.ancestry.3708	188.0	M
5190.23andme.3700	157.5	F
5182.23andme.3692	157.5	
5180.23andme.3689	175.3	M
5169.ancestry.3677	170.2	F
5168.23andme.3676	172.7	
5146.23andme.3654	175.3	M
5130.23andme.3642	171.0	
5107.ancestry.3622	152.4	
5105.23andme.3621	165.0	F
5103.ancestry.3619	165.1	
5099.ancestry.3616	172.7	F
5098.23andme.3615	160.0	F
5093.23andme.3610	165.0	
5066.ancestry.3589	170.2	
5048.23andme.3577	170.2	F
5044.23andme.3573	167.6	F
5034.ancestry.3566	167.6	F
5027.ancestry.3561	180.3	M
4996.ancestry.3535	170.2	
4985.23andme.3522	165.1	F
4979.genes-for-good.3516	168.9	F
4962.23andme.3503	155.0	
4954.ancestry.3497	172.7	M
4952.23andme.3496	170.2	
4939.ancestry.3487	190.5	
4584.ftdna-illumina.3483	180.3	
4583.ftdna-illumina.3482	188.0	
4910.ancestry.3463	167.6	M
4864.ftdna-illumina.3447	172.7	F
16.23andme.3446	183.0	M
1691.ancestry.3441	185.4	
4880.ftdna-illumina.3437	170.2	M
4879.23andme.3436	175.0	F
4842.genes-for-good.3414	165.1	F
4834.ancestry.3409	165.1	F
4832.ftdna-illumina.3407	167.0	M
4825.23andme.3403	186.0	M
4813.23andme.3393	157.5	
4801.23andme.3385	172.7	M
4797.23andme.3381	172.7	M
4732.ancestry.3349	156.2	
4756.23andme.3345	177.8	
4754.ftdna-illumina.3344	180.0	
4718.23andme.3318	172.7	F
4715.23andme.3315	168.0	
4712.23andme.3311	176.0	M
4703.23andme.3308	170.2	
4697.23andme.3305	160.0	
4680.23andme.3290	160.0	F
3303.ftdna-illumina.3286	182.0	
4667.ftdna-illumina.3277	160.0	M
4671.23andme.3274	169.0	M
4644.ftdna-illumina.3241	179.0	
4552.ancestry.3240	170.2	M
4580.23andme.3227	175.0	F
4614.ancestry.3217	190.5	
4613.ftdna-illumina.3216	175.3	M
4604.ancestry.3206	165.1	M
4602.ancestry.3204	185.4	
4597.ancestry.3196	183.0	
4585.ftdna-illumina.3187	172.7	M
4577.23andme.3161	175.0	
4569.23andme.3154	180.3	M
4568.ancestry.3153	160.0	
4558.23andme.3150	182.9	M
4555.ancestry.3148	165.1	F
4547.23andme.3141	165.1	F
4546.ftdna-illumina.3139	170.2	F
4539.23andme.3133	185.4	M
4538.ancestry.3132	175.3	M
4532.23andme.3128	165.1	F
4522.ancestry.3117	162.6	F
4509.23andme.3106	172.0	M
4502.ancestry.3098	185.4	M
4500.23andme.3097	177.8	
4499.23andme.3095	160.0	
4483.23andme.3080	157.5	
4482.23andme.3079	177.8	
4372.23andme.3063	190.5	M
4468.ancestry.3062	157.5	
4460.ancestry.3056	167.6	F
4297.ancestry.3045	192.0	M
4440.ancestry.3043	160.0	
4438.23andme.3042	157.5	F
4428.23andme.3034	172.7	F
4425.ancestry.3030	188.0	
4342.23andme.3029	183.0	M
1111.ftdna-illumina.3026	172.7	M
925.23andme.3022	167.6	
4295.23andme.3019	183.0	
4412.ancestry.3011	157.5	F
4381.23andme.2990	170.2	
4360.ftdna-illumina.2933	172.0	M
4359.23andme.2931	160.0	F
4356.23andme.2928	179.0	F
4351.23andme.2923	165.1	
4290.23andme.2910	175.0	M
4292.23andme.2901	170.2	
4271.decodeme.2897	160.0	F
4252.ancestry.2888	182.9	
4248.23andme.2886	179.0	M
4200.23andme.2852	170.2	M
4195.23andme.2848	175.3	
4194.23andme.2847	195.6	
4181.23andme.2839	167.6	M
4178.23andme.2835	177.8	M
4170.23andme.2827	167.6	F
4029.23andme.2821	177.0	M
4147.23andme.2811	155.0	F
4143.23andme.2809	190.5	M
4133.ancestry.2799	162.6	F
4130.23andme.2797	160.0	F
4111.ancestry.2783	172.7	F
4095.23andme.2771	162.6	
4084.23andme.2766	175.3	M
4065.23andme.2753	175.0	
4064.ancestry.2752	162.6	
3974.23andme.2744	162.6	
4057.23andme.2742	188.0	M
4055.23andme.2740	162.6	
4048.23andme.2734	160.0	F
4034.23andme.2725	180.3	M
4030.23andme.2719	180.3	
4026.ftdna-illumina.2715	155.0	
4021.ancestry.2711	182.9	
4018.23andme.2709	160.0	F
4012.23andme.2703	167.6	F
4009.23andme.2701	193.0	M
3998.ftdna-illumina.2692	162.6	F
3992.23andme.2686	178.0	M
3990.23andme.2684	162.6	F
3987.23andme.2682	193.0	
3964.23andme.2661	180.3	
3957.ancestry.2655	183.0	M
3948.23andme.2651	172.7	
3952.ftdna-illumina.2649	180.3	
3942.23andme.2642	185.4	M
500.23andme.2637	186.0	M
3934.23andme.2634	170.2	
3930.23andme.2629	155.0	F
3922.23andme.2622	155.0	
3913.23andme.2617	160.0	F
3912.23andme.2616	160.0	
3886.ancestry.2593	162.6	
3885.ancestry.2592	170.2	
3881.23andme.2588	168.9	
3867.23andme.2577	165.0	
3866.23andme.2576	190.5	
3865.23andme.2575	165.1	F
3862.23andme.2572	185.4	M
3858.ancestry.2568	167.6	F
3834.23andme.2551	172.7	M
3821.23andme.2539	183.0	M
3813.ftdna-illumina.2536	180.3	M
3802.23andme.2524	190.0	M
3799.23andme.2522	172.7	
3777.23andme.2502	177.8	M
3767.ancestry.2494	157.5	F
3751.ftdna-illumina.2485	157.0	
3749.23andme.2484	182.0	
3733.ancestry.2470	177.8	M
3730.23andme.2468	170.2	
3713.23andme-exome-vcf.2458	172.7	M
3695.23andme.2438	170.2	
3689.23andme.2434	170.2	
3688.ancestry.2433	162.6	
3682.23andme.2429	183.0	M
3680.23andme.2428	172.7	M
3672.ancestry.2417	160.0	F
3671.ancestry.2416	162.6	
3667.23andme.2413	189.0	
3660.ancestry.2406	157.5	F
3642.23andme.2394	193.0	M
3639.23andme.2392	174.0	F
3626.ancestry.2383	167.6	F
3622.23andme.2379	168.9	F
3582.23andme.2349	172.7	F
3581.23andme.2348	175.3	F
3571.ftdna-illumina.2340	175.3	F
991.ftdna-illumina.2308	172.7	F
3532.23andme.2305	170.2	
3531.23andme.2303	160.0	F
3257.23andme.2282	189.0	M
3495.23andme.2271	175.3	F
3486.23andme.2266	172.7	F
3478.23andme.2262	162.6	F
3459.ancestry.2254	162.6	
3422.23andme.2234	155.0	F
3415.23andme.2230	183.0	M
1104.23andme.2221	157.5	
3400.decodeme.2218	185.4	M
3397.ftdna-illumina.2212	162.6	M
3395.23andme.2208	170.2	M
3381.ftdna-illumina.2197	180.3	M
3370.23andme.2187	170.2	M
3364.23andme.2182	152.4	F
3343.23andme.2176	172.7	F
3341.23andme.2175	157.5	F
3326.23andme.2167	180.3	F
3321.23andme.2162	162.6	
3317.23andme.2156	180.0	M
3306.23andme.2150	177.8	M
3289.23andme.2139	160.0	F
3280.23andme.2134	165.1	F
3277.ancestry.2130	170.2	F
3275.23andme.2129	175.0	M
3265.23andme.2123	188.0	M
3227.23andme.2100	183.0	
3211.23andme.2091	182.9	
3196.23andme.2078	157.5	F
3192.23andme.2073	165.1	
3186.23andme.2069	142.2	
3179.23andme.2064	160.0	F
3170.23andme.2054	188.0	M
3167.23andme.2050	193.0	
3145.23andme.2033	177.8	F
3140.23andme.2029	165.1	
3124.ancestry.2016	177.8	
3122.23andme.2015	167.6	
3080.23andme.1982	162.6	F
3064.23andme.1969	175.3	
3050.ancestry.1958	180.3	M
3046.23andme.1955	152.4	M
3034.23andme.1950	175.3	F
3025.ancestry.1942	170.2	F
2983.23andme.1909	162.6	F
2971.23andme.1899	157.5	
2966.23andme.1895	152.4	F
2874.23andme.1893	188.0	
2964.23andme.1892	167.6	F
2953.ftdna-illumina.1885	182.9	M
2928.ftdna-illumina.1864	178.0	
2925.23andme.1859	170.2	
2912.23andme.1851	193.0	
2907.23andme.1846	182.9	
2903.23andme.1843	175.3	F
2890.23andme.1831	172.7	M
2887.23andme.1829	193.0	M
2881.23andme.1824	175.3	M
2858.23andme.1816	160.0	
2850.23andme.1809	157.5	
2849.23andme.1808	183.0	M
2841.23andme.1799	162.6	
2839.ftdna-illumina.1798	162.6	
2826.23andme.1787	188.0	
2797.23andme.1771	172.7	M
2760.23andme.1763	167.6	
2759.23andme.1762	183.0	
2758.23andme.1761	177.8	M
2755.23andme.1758	165.1	F
2746.ftdna-illumina.1750	173.0	
2732.ftdna-illumina.1739	175.3	
2720.23andme.1729	165.1	F
2715.ancestry.1725	162.6	
2708.ancestry.1719	169.0	
2707.23andme.1717	198.1	M
2705.ftdna-illumina.1714	181.0	
2699.23andme.1709	175.3	M
2692.23andme.1706	177.8	
2691.ftdna-illumina.1705	160.0	F
2676.23andme.1694	190.5	M
2673.ancestry.1688	190.5	
1964.23andme.1683	190.5	M
2662.23andme.1677	165.1	F
2660.23andme.1675	177.8	M
2645.23andme.1662	179.0	M
2636.ancestry.1655	162.6	F
2635.23andme.1654	162.6	
2616.23andme.1634	180.3	
2576.23andme.1632	152.4	
2574.ancestry.1593	172.7	M
2571.ancestry.1592	149.9	F
2570.23andme.1590	177.8	M
2568.23andme.1588	193.0	
2557.23andme.1575	185.4	M
2535.23andme.1554	177.8	M
2456.23andme.1553	193.0	M
2516.23andme.1545	175.3	F
2512.23andme.1541	155.0	
2506.ftdna-illumina.1536	172.7	M
2504.23andme.1535	177.8	
2498.23andme.1529	185.0	M
2457.23andme.1521	162.6	
2455.23andme.1519	162.6	F
2421.23andme.1509	181.0	
2412.23andme.1503	160.0	F
2406.23andme.1498	175.0	M
2402.23andme.1495	185.4	M
2399.23andme.1491	167.6	
2398.23andme.1490	170.2	
2393.ancestry.1486	172.7	M
2356.23andme.1481	152.4	
2385.23andme.1478	168.0	M
2362.23andme.1461	172.0	M
2361.23andme.1460	175.3	
2358.ancestry.1458	170.2	F
2322.23andme.1430	175.3	
2314.23andme.1424	165.1	F
2307.23andme.1417	167.6	F
2297.23andme.1408	157.5	F
2293.23andme.1404	162.6	
2291.23andme.1402	193.0	M
2288.23andme.1401	152.4	F
2287.23andme.1400	172.7	M
2279.23andme.1395	177.8	M
2276.23andme.1393	162.6	
2274.23andme.1390	172.7	M
2238.23andme.1378	170.0	M
1472.23andme.1376	157.5	F
2225.23andme.1370	170.2	
2214.23andme.1361	177.8	
2207.ancestry.1350	190.5	M
2202.23andme.1346	175.0	
2199.23andme.1344	165.1	
2189.23andme.1337	175.3	
2177.23andme.1327	188.0	
2166.23andme.1316	157.0	F
2159.23andme.1311	167.6	F
2158.23andme.1310	162.6	
2153.23andme.1306	182.9	
2151.23andme.1303	195.6	M
2133.23andme.1299	180.0	M
2101.ancestry.1283	175.3	M
2106.23andme.1277	165.1	
2099.23andme.1272	160.0	F
2076.23andme.1251	177.8	M
2075.23andme.1250	160.0	F
2070.23andme.1245	172.7	
2052.23andme.1229	185.4	F
2050.23andme.1228	165.1	F
2034.23andme.1216	172.7	
2031.ftdna-illumina.1213	180.3	M
1952.23andme.1206	180.3	M
2023.23andme.1203	175.3	F
2013.23andme.1197	190.5	
2008.23andme.1193	162.6	F
2004.23andme.1189	167.6	F
2000.23andme.1184	155.0	F
1996.23andme.1182	167.6	F
1987.23andme.1174	168.0	M
1985.23andme.1171	185.4	
1984.23andme.1170	170.2	F
1980.23andme.1166	195.6	M
1970.23andme.1158	162.6	
1968.23andme.1156	157.5	F
1887.23andme.1123	180.3	M
1879.23andme.1117	170.2	
1871.ftdna-illumina.1110	157.5	
1848.23andme.1091	183.0	M
1833.23andme.1081	160.0	
1825.23andme.1070	188.0	
1777.23andme.1043	188.0	M
1785.23andme.1041	162.6	
1764.23andme.1025	175.3	M
1759.23andme.1022	165.1	F
1742.23andme.1010	160.0	F
1738.23andme.1007	177.8	
1737.ancestry.1005	167.6	
1735.ftdna-illumina.1003	170.2	F
885.23andme-exome-vcf.994	182.9	M
1718.23andme.993	185.4	
1712.23andme.988	165.1	F
1678.23andme.962	170.2	
1647.ancestry.939	162.6	F
1641.23andme.935	185.4	M
1627.23andme.925	180.0	M
1599.ftdna-illumina.900	181.0	M
1578.23andme.883	170.2	M
1566.23andme.876	182.9	M
1561.ftdna-illumina.871	171.0	
999.23andme.856	175.0	M
1525.23andme.842	177.8	M
1514.23andme.832	172.7	M
1503.23andme.821	152.4	
1499.23andme.818	157.5	F
1491.ftdna-illumina.810	160.0	
1470.23andme.807	177.8	M
1465.23andme.803	160.0	F
1459.23andme.799	142.2	
1447.23andme.789	157.5	
1412.23andme.759	177.8	
1409.23andme.757	160.0	
1403.23andme.751	157.5	F
1392.23andme.742	172.7	F
1390.23andme.741	160.0	
1384.23andme.734	177.8	M
1382.23andme.733	160.0	F
1379.23andme.730	162.6	F
1375.23andme.726	160.0	F
1366.23andme.721	172.7	F
1312.23andme.720	162.6	
1325.23andme.706	165.1	
1290.23andme.688	180.3	
1288.23andme.686	167.6	
1269.23andme.673	160.0	F
1258.23andme.664	160.0	M
1235.23andme.654	162.6	
1233.23andme.652	165.1	
1227.23andme.651	185.4	
1221.23andme.648	195.0	
1215.23andme.645	176.0	F
1213.23andme.642	162.6	
1201.23andme.633	170.2	
1196.23andme.631	172.7	
1193.23andme.628	168.9	F
1192.23andme.627	178.0	
1190.23andme.626	172.7	F
1173.23andme.609	165.1	
1172.23andme.608	165.1	
1171.23andme.607	172.7	F
1100.23andme.606	179.0	M
1163.23andme.603	180.3	M
1165.23andme.602	167.6	
1147.23andme.598	170.2	M
1084.ftdna-illumina.597	180.3	
1133.23andme.587	192.0	
1131.23andme.585	170.2	
1125.23andme.582	182.9	M
1121.23andme.578	157.5	
1114.23andme.574	193.0	M
1112.23andme.573	183.0	
1033.23andme.567	190.5	
1103.23andme.565	167.6	
1089.23andme.559	170.2	F
1085.23andme.557	178.0	
1081.23andme.556	162.6	
1080.23andme.555	167.6	
1079.23andme.554	155.0	
1078.ancestry.553	162.6	
1071.23andme.552	180.0	M
1077.23andme.551	185.4	M
1075.23andme.550	157.5	F
1074.ancestry.549	165.1	
685.23andme.545	165.0	
1063.23andme.540	190.5	
1060.23andme.536	190.5	M
1059.23andme.535	182.9	M
1058.23andme.533	165.1	
1046.23andme.527	175.3	
1040.23andme.522	177.8	
1039.23andme.521	183.0	M
1038.23andme.520	162.6	F
1035.ancestry.518	167.6	F
1029.23andme.515	162.6	F
1022.23andme.508	190.0	
1020.23andme.507	172.7	M
319.23andme.504	157.5	
1010.23andme.502	182.9	M
990.23andme.492	165.1	M
972.23andme.483	179.0	M
966.23andme.479	172.7	F
954.23andme.478	182.9	M
952.23andme.475	203.2	
945.ftdna-illumina.472	177.8	M
669.23andme.471	180.3	M
943.23andme.470	170.2	M
926.23andme.463	195.0	M
918.23andme.454	167.6	F
916.23andme.452	182.9	M
915.23andme.451	182.9	M
912.23andme.450	155.0	F
466.23andme.447	175.3	M
898.23andme.441	190.0	
903.23andme.438	182.9	
899.23andme.436	167.6	
887.23andme.432	172.7	M
881.ftdna-illumina.429	188.0	M
854.23andme.424	180.0	
842.23andme.417	160.0	F
839.23andme.415	182.0	
835.IYG.412	182.0	M
832.23andme.410	185.4	
609.23andme.401	182.0	M
820.23andme.397	177.0	
811.23andme.393	165.1	F
810.ftdna-illumina.391	186.0	M
808.23andme.390	183.0	M
807.23andme.389	177.8	M
758.23andme.387	180.3	M
803.23andme.383	165.0	F
792.23andme.377	181.0	M
782.23andme.371	170.2	F
779.23andme.369	177.0	M
777.23andme.367	170.2	M
775.23andme.365	177.8	M
762.23andme.361	162.6	F
754.23andme.356	182.9	M
749.23andme.355	180.3	M
748.23andme.354	170.2	
735.23andme.344	165.1	M
734.ftdna-illumina.343	160.0	F
726.23andme.338	180.3	M
721.23andme.336	160.0	F
717.23andme.333	190.5	M
703.ftdna-illumina.324	172.7	F
704.23andme.323	177.8	M
180.23andme.322	185.4	M
693.23andme.321	185.4	M
684.23andme.319	170.2	F
328.23andme.316	184.0	M
678.23andme.315	182.9	M
675.23andme.313	160.0	F
610.23andme.301	172.7	M
651.23andme.300	179.0	M
650.23andme.299	174.0	M
646.23andme.297	170.2	M
644.23andme.295	172.7	M
637.23andme.293	188.0	M
602.23andme.279	183.0	M
595.23andme.277	170.2	F
594.23andme.276	180.3	M
503.23andme.274	167.6	F
589.23andme.273	190.5	M
583.23andme.268	178.0	M
187.23andme.267	185.4	M
580.23andme.265	160.0	M
579.ftdna-illumina.264	170.2	F
574.23andme.262	178.0	M
569.23andme.260	175.3	F
563.23andme.258	172.7	M
561.23andme.257	162.6	F
556.23andme.254	172.7	M
539.23andme.246	165.1	
533.23andme.242	185.4	M
528.23andme.240	162.6	M
26.23andme-exome-vcf.237	188.0	M
512.23andme.233	188.0	
502.23andme.226	160.0	F
497.23andme.224	182.9	M
495.23andme.223	157.5	F
488.23andme-exome-vcf.219	160.0	M
483.23andme.216	162.6	F
481.23andme.215	182.0	M
35.23andme-exome-vcf.210	180.0	M
468.23andme.200	160.0	F
441.23andme.199	178.0	M
463.23andme.197	175.0	F
345.23andme.192	172.7	F
437.23andme.190	172.7	M
429.23andme.187	170.2	M
397.23andme.178	185.4	M
11.23andme.176	177.8	M
380.23andme.172	183.0	M
366.23andme.167	182.9	M
357.23andme.163	183.0	M
352.23andme.161	155.0	
86.23andme.159	177.8	M
347.23andme.157	155.0	F
341.23andme.155	160.0	F
160.23andme.153	172.7	F
337.23andme.152	182.9	
339.ftdna-illumina.150	180.0	M
325.23andme.149	175.0	M
330.23andme.146	188.0	M
17.23andme.143	172.7	F
305.23andme.133	177.8	M
294.23andme.125	188.0	
288.23andme.121	165.1	
285.23andme.118	185.4	M
279.23andme.113	167.6	F
279.23andme.113	167.6	F
279.23andme.113	167.6	F
216.23andme.109	193.0	M
241.23andme.107	183.0	M
268.23andme.106	162.6	
266.23andme.104	165.1	
262.23andme.103	188.0	
258.23andme.101	180.0	M
251.23andme.97	165.1	F
203.ftdna-illumina.87	155.0	
199.23andme.86	189.0	
177.23andme.78	168.0	M
159.23andme.67	165.1	
158.23andme.66	177.8	
154.23andme.65	172.7	
146.23andme.62	180.0	
141.23andme.60	193.0	M
137.23andme.58	188.0	
123.23andme.54	177.8	
99.23andme.49	176.0	M
80.23andme.41	188.0	
71.ftdna-illumina.38	167.6	
40.23andme.32	175.3	
64.23andme.30	188.0	
60.23andme.27	172.7	M
33.23andme.12	172.7	M
8.23andme.2	171.0	F
